"dma1_id","chan1_id","sales1_id","a","b","npv","sp","npv_p","bdgt_id","dma1_name","chan1_name","sales1_name","dim"
1,1,1,27.7794836365,5.46940226645183e-05,27.54103714,86991.37209,27.5793687718575,"1_1","New York","TV Cable","Bundle","New York_TV Cable_Bundle"
1,10,1,71.5895942761141,3.36959357202378e-05,34.1590479,19244.53496,33.7939688602741,"1_10","New York","Online Display - Acquisition - Mobile","Bundle","New York_Online Display - Acquisition - Mobile_Bundle"
1,11,1,39.584395613781,2.18962954218793e-05,24.12999338,42954.348,24.0128204508139,"1_11","New York","Hispanic - DM","Bundle","New York_Hispanic - DM_Bundle"
1,12,1,272.719407635552,2.33019126155298e-06,211.6688077,642325.14,211.537873675781,"1_12","New York","TV Spot","Bundle","New York_TV Spot_Bundle"
1,13,1,29.8413607618572,2.17111424982211e-05,25.5392138,89206.78333,25.6244655628662,"1_13","New York","Radio","Bundle","New York_Radio_Bundle"
1,14,1,15.4243351282126,5.17739370657256e-05,10.63348743,22583.54615,10.6158866256704,"1_14","New York","Hispanic - Display","Bundle","New York_Hispanic - Display_Bundle"
1,15,1,10.5362994389604,0.000229766294398704,10.53219223,34164.4451,10.5331296632091,"1_15","New York","Asian","Bundle","New York_Asian_Bundle"
1,16,1,13.8894411434507,0.000480448061736164,13.8894404,34848.91221,13.8885121258466,"1_16","New York","OOH","Bundle","New York_OOH_Bundle"
1,17,1,3.68730717295963,0.00126996866522326,3.68730717,16491.03467,3.68727997080487,"1_17","New York","Hispanic - Shared Mail","Bundle","New York_Hispanic - Shared Mail_Bundle"
1,18,1,70.3787216052664,2.96553918903072e-05,51.19686172,43834.38727,51.1835428234327,"1_18","New York","Hispanic - Radio","Bundle","New York_Hispanic - Radio_Bundle"
1,19,1,24.9398835216533,0.000136430018861716,24.93988308,130830.5105,24.9395731239337,"1_19","New York","Hispanic - DRTV","Bundle","New York_Hispanic - DRTV_Bundle"
1,2,1,125.605591966928,1.15944490281639e-05,55.48959708,50282.32331,54.8064452967206,"1_2","New York","Online Display - Awareness - Display","Bundle","New York_Online Display - Awareness - Display_Bundle"
1,20,1,7.66130285723729,1.85620867185963e-05,6.28063972,92318.184,6.29673575579117,"1_20","New York","Hispanic - TV","Bundle","New York_Hispanic - TV_Bundle"
1,3,1,4.00063799871323,0.000870801362799223,3.914134423,4402.86791,3.92376045174473,"1_3","New York","Online Display - Awareness - Mobile","Bundle","New York_Online Display - Awareness - Mobile_Bundle"
1,4,1,80.5953583671532,4.57134643811855e-05,71.53511015,47809.64585,72.0021049932052,"1_4","New York","Online Display - Awareness - OLV","Bundle","New York_Online Display - Awareness - OLV_Bundle"
1,5,1,96.7317246990258,8.34101271960248e-06,60.83528321,118846.87,60.5887007219664,"1_5","New York","DRTV","Bundle","New York_DRTV_Bundle"
1,6,1,328.629916418288,1.9954284209283e-05,328.0217357,315331.5541,329.25877650884,"1_6","New York","Direct Mail","Bundle","New York_Direct Mail_Bundle"
1,7,1,16.5109252427323,1.84997898196567e-05,8.79585629,41127.32533,8.57777626009231,"1_7","New York","Newspaper","Bundle","New York_Newspaper_Bundle"
1,8,1,286.993834152161,0.000168377905251792,286.9938339,123844.3816,286.980730847952,"1_8","New York","Shared Mail","Bundle","New York_Shared Mail_Bundle"
1,9,1,188.225022510921,7.73912127365884e-05,188.1948436,112910.1067,188.226589655381,"1_9","New York","Online Display - Acquisition - Display","Bundle","New York_Online Display - Acquisition - Display_Bundle"
10,1,1,2.17225604267893,0.00201653080699921,2.161957785,2653.838372,2.16392547389594,"10_1","Providence","TV Cable","Bundle","Providence_TV Cable_Bundle"
10,10,1,6.76515780127732,0.000552397290790405,3.091699241,1105.45796,3.05580146124078,"10_10","Providence","Online Display - Acquisition - Mobile","Bundle","Providence_Online Display - Acquisition - Mobile_Bundle"
10,11,1,4.50765874748848,0.000199332415942477,2.736027032,4685.022727,2.72244133437958,"10_11","Providence","Hispanic - DM","Bundle","Providence_Hispanic - DM_Bundle"
10,12,1,29.0938034118207,0.000115647122984112,23.15582585,13741.42799,23.1812347444694,"10_12","Providence","TV Spot","Bundle","Providence_TV Spot_Bundle"
10,13,1,2.7385406216767,0.000611827076693293,2.503223351,4011.338889,2.51302765610207,"10_13","Providence","Radio","Bundle","Providence_Radio_Bundle"
10,17,1,0.326272276642489,0.0202465732760846,0.326272263,839.157,0.326267602452019,"10_17","Providence","Hispanic - Shared Mail","Bundle","Providence_Hispanic - Shared Mail_Bundle"
10,2,1,23.1864832259058,0.000202170141967766,9.964588577,2778.32989,9.83640104540496,"10_2","Providence","Online Display - Awareness - Display","Bundle","Providence_Online Display - Awareness - Display_Bundle"
10,3,1,0.315931513559125,0.0149537900922775,0.308192654,248.0488963,0.309002301335149,"10_3","Providence","Online Display - Awareness - Mobile","Bundle","Providence_Online Display - Awareness - Mobile_Bundle"
10,4,1,6.38595781864629,0.000978029083079438,5.950725088,2746.314924,6.00348074653655,"10_4","Providence","Online Display - Awareness - OLV","Bundle","Providence_Online Display - Awareness - OLV_Bundle"
10,5,1,11.1021262759011,0.00015485016296456,6.596449065,5823.684167,6.56012214542264,"10_5","Providence","DRTV","Bundle","Providence_DRTV_Bundle"
10,6,1,29.2713953029692,0.000245701415435515,29.19704078,24320.2569,29.3271409080096,"10_6","Providence","Direct Mail","Bundle","Providence_Direct Mail_Bundle"
10,7,1,3.07387007859717,0.000230071902133503,2.185395806,5394.778571,2.17244804833247,"10_7","Providence","Newspaper","Bundle","Providence_Newspaper_Bundle"
10,8,1,21.0640580669512,0.0019359406006136,21.06405793,9737.493659,21.0987149256098,"10_8","Providence","Shared Mail","Bundle","Providence_Shared Mail_Bundle"
10,9,1,17.8090605640276,0.00141448644151882,17.80685777,6361.132773,17.8089152332794,"10_9","Providence","Online Display - Acquisition - Display","Bundle","Providence_Online Display - Acquisition - Display_Bundle"
11,10,1,7.24742544482162,0.000527845244770985,2.839800357,942.1516706,2.79835834870432,"11_10","Norfolk","Online Display - Acquisition - Mobile","Bundle","Norfolk_Online Display - Acquisition - Mobile_Bundle"
11,11,1,3.0404889865428,0.000301163338733137,1.826376351,3048.196,1.81682348083871,"11_11","Norfolk","Hispanic - DM","Bundle","Norfolk_Hispanic - DM_Bundle"
11,12,1,25.313828595004,0.00011783216972961,17.75107919,10252.85397,17.6256215055983,"11_12","Norfolk","TV Spot","Bundle","Norfolk_TV Spot_Bundle"
11,13,1,2.1901948660825,0.000912349839295396,2.105617095,3566.695778,2.11244566616477,"11_13","Norfolk","Radio","Bundle","Norfolk_Radio_Bundle"
11,2,1,10.3731869537695,0.000276911047401986,4.988667483,2367.894794,4.93620902917267,"11_2","Norfolk","Online Display - Awareness - Display","Bundle","Norfolk_Online Display - Awareness - Display_Bundle"
11,3,1,0.309439318886298,0.015521109680037,0.297810144,211.4053094,0.298765352255922,"11_3","Norfolk","Online Display - Awareness - Mobile","Bundle","Norfolk_Online Display - Awareness - Mobile_Bundle"
11,4,1,5.51272664350343,0.00191443283414174,5.455657902,2387.421496,5.49527795695691,"11_4","Norfolk","Online Display - Awareness - OLV","Bundle","Norfolk_Online Display - Awareness - OLV_Bundle"
11,5,1,6.34552705246734,0.000162748025769539,4.662849194,8155.943333,4.66283817311243,"11_5","Norfolk","DRTV","Bundle","Norfolk_DRTV_Bundle"
11,6,1,24.7163293505481,0.000160130909957536,24.67431471,39824.92369,24.7631838242242,"11_6","Norfolk","Direct Mail","Bundle","Norfolk_Direct Mail_Bundle"
11,8,1,15.0780761977828,0.00201222170861743,15.07807569,8550.973171,15.0769419970608,"11_8","Norfolk","Shared Mail","Bundle","Norfolk_Shared Mail_Bundle"
11,9,1,15.5543522438996,0.00193767623296603,15.55392605,5421.419977,15.5532823953711,"11_9","Norfolk","Online Display - Acquisition - Display","Bundle","Norfolk_Online Display - Acquisition - Display_Bundle"
12,1,1,1.80091837851969,0.00222754912121699,1.780198136,2004.418605,1.78320613356355,"12_1","Richmond","TV Cable","Bundle","Richmond_TV Cable_Bundle"
12,10,1,5.96884176418579,0.000604116227866023,2.590504057,942.1516706,2.55768514916493,"12_10","Richmond","Online Display - Acquisition - Mobile","Bundle","Richmond_Online Display - Acquisition - Mobile_Bundle"
12,11,1,2.85278405534686,0.000285848627009216,1.713625943,3211.510571,1.70466284271474,"12_11","Richmond","Hispanic - DM","Bundle","Richmond_Hispanic - DM_Bundle"
12,12,1,32.1844547390452,9.97614392633863e-05,22.47674922,12014.2975,22.3124407576972,"12_12","Richmond","TV Spot","Bundle","Richmond_TV Spot_Bundle"
12,13,1,2.18379183567808,0.00113167350268727,2.106737346,2955.185556,2.11331824325504,"12_13","Richmond","Radio","Bundle","Richmond_Radio_Bundle"
12,2,1,11.2870787780289,0.000205032145160066,4.341091996,2367.894794,4.27633721478077,"12_2","Richmond","Online Display - Awareness - Display","Bundle","Richmond_Online Display - Awareness - Display_Bundle"
12,3,1,0.289920992405409,0.0187288581482037,0.284390768,211.4053094,0.285043325865025,"12_3","Richmond","Online Display - Awareness - Mobile","Bundle","Richmond_Online Display - Awareness - Mobile_Bundle"
12,4,1,5.1524679581629,0.00177297039144144,5.07769895,2387.421496,5.11859130018862,"12_4","Richmond","Online Display - Awareness - OLV","Bundle","Richmond_Online Display - Awareness - OLV_Bundle"
12,5,1,6.9109716100205,0.000225087118869594,4.712446888,5088.357292,4.70329359017241,"12_5","Richmond","DRTV","Bundle","Richmond_DRTV_Bundle"
12,6,1,23.1337179702985,0.000151987789529067,23.09439357,41958.64224,23.1775723116268,"12_6","Richmond","Direct Mail","Bundle","Richmond_Direct Mail_Bundle"
12,8,1,17.3818497240248,0.0019113046183057,17.38100352,5195.496579,17.3827451592823,"12_8","Richmond","Shared Mail","Bundle","Richmond_Shared Mail_Bundle"
12,9,1,14.5493196311862,0.00152304190665863,14.5455452,5421.419977,14.5499197937593,"12_9","Richmond","Online Display - Acquisition - Display","Bundle","Richmond_Online Display - Acquisition - Display_Bundle"
13,1,1,2.24402299528815,0.00229047782347605,2.224360536,2068.264651,2.22750002259729,"13_1","Harrisburg","TV Cable","Bundle","Harrisburg_TV Cable_Bundle"
13,10,1,2.32549010830762,0.00340054969060024,1.100216587,188.4303341,1.08825495851482,"13_10","Harrisburg","Online Display - Acquisition - Mobile","Bundle","Harrisburg_Online Display - Acquisition - Mobile_Bundle"
13,11,1,1.23664699679385,0.00202314516676226,0.713653475,425.3722857,0.709201789420086,"13_11","Harrisburg","Hispanic - DM","Bundle","Harrisburg_Hispanic - DM_Bundle"
13,2,1,8.19809284531764,0.00108589620390764,3.296089567,473.5789587,3.24951240446211,"13_2","Harrisburg","Online Display - Awareness - Display","Bundle","Harrisburg_Online Display - Awareness - Display_Bundle"
13,3,1,0.250080839550951,0.0743028878336391,0.239274,42.28106188,0.240084236421733,"13_3","Harrisburg","Online Display - Awareness - Mobile","Bundle","Harrisburg_Online Display - Awareness - Mobile_Bundle"
13,4,1,3.59568050012133,0.00846697863442825,3.532585648,477.4842992,3.56248515875728,"13_4","Harrisburg","Online Display - Awareness - OLV","Bundle","Harrisburg_Online Display - Awareness - OLV_Bundle"
13,5,1,5.14254285732469,0.0001294739257292,3.431005596,8497.121875,3.42238206095998,"13_5","Harrisburg","DRTV","Bundle","Harrisburg_DRTV_Bundle"
13,6,1,9.15015249770337,0.000776811715888344,9.137154863,8440.60188,9.16696746904158,"13_6","Harrisburg","Direct Mail","Bundle","Harrisburg_Direct Mail_Bundle"
13,7,1,7.05427200720342,0.000335143740904667,6.30063754,6673.2,6.37241806430463,"13_7","Harrisburg","Newspaper","Bundle","Harrisburg_Newspaper_Bundle"
13,8,1,15.8189152606531,0.0107954138044917,15.8189152,1795.142,15.8180242819948,"13_8","Harrisburg","Shared Mail","Bundle","Harrisburg_Shared Mail_Bundle"
13,9,1,11.0666809403896,0.00673399201908235,11.05921662,1084.283995,11.0675533776033,"13_9","Harrisburg","Online Display - Acquisition - Display","Bundle","Harrisburg_Online Display - Acquisition - Display_Bundle"
14,1,1,0.623821482002787,0.00383341863243458,0.616499039,1159.518605,0.617554198698104,"14_1","Buffalo","TV Cable","Bundle","Buffalo_TV Cable_Bundle"
14,10,1,2.12145742212645,0.00123776826207534,1.051142498,552.72898,1.0407854374577,"14_10","Buffalo","Online Display - Acquisition - Mobile","Bundle","Buffalo_Online Display - Acquisition - Mobile_Bundle"
14,11,1,1.24603466601523,0.000917967802508646,0.71665463,932.5108571,0.712124285512602,"14_11","Buffalo","Hispanic - DM","Bundle","Buffalo_Hispanic - DM_Bundle"
14,2,1,2.35412422781049,0.000399619545837993,1.002872571,1389.164945,0.989798581888415,"14_2","Buffalo","Online Display - Awareness - Display","Bundle","Buffalo_Online Display - Awareness - Display_Bundle"
14,3,1,0.116509789424047,0.0326841111704489,0.114487265,124.0244482,0.114736164608236,"14_3","Buffalo","Online Display - Awareness - Mobile","Bundle","Buffalo_Online Display - Awareness - Mobile_Bundle"
14,4,1,2.05188662346983,0.00226392246055877,1.954608313,1346.750587,1.97309229844713,"14_4","Buffalo","Online Display - Awareness - OLV","Bundle","Buffalo_Online Display - Awareness - OLV_Bundle"
14,5,1,2.73199768812427,0.000175959440442905,1.832847843,6315.879792,1.82850680896247,"14_5","Buffalo","DRTV","Bundle","Buffalo_DRTV_Bundle"
14,6,1,9.70762561128708,0.000809719638879581,9.685648459,7521.941333,9.72630147019676,"14_6","Buffalo","Direct Mail","Bundle","Buffalo_Direct Mail_Bundle"
14,7,1,2.37136525894049,4.97817089641978e-05,1.254713117,15128.665,1.22313655970147,"14_7","Buffalo","Newspaper","Bundle","Buffalo_Newspaper_Bundle"
14,8,1,17.0547976061464,0.0102466996860641,17.0547976,2122.032,17.0541145500503,"14_8","Buffalo","Shared Mail","Bundle","Buffalo_Shared Mail_Bundle"
14,9,1,2.8917207441787,0.00256532112604181,2.890893427,3180.566387,2.89185912077239,"14_9","Buffalo","Online Display - Acquisition - Display","Bundle","Buffalo_Online Display - Acquisition - Display_Bundle"
15,1,1,2.11276065814659,0.00206119458064869,2.076894101,1977.467568,2.08135100417101,"15_1","Syracuse","TV Cable","Bundle","Syracuse_TV Cable_Bundle"
15,10,1,1.60621035191367,0.00133381820103334,0.837746987,552.72898,0.830477016397726,"15_10","Syracuse","Online Display - Acquisition - Mobile","Bundle","Syracuse_Online Display - Acquisition - Mobile_Bundle"
15,11,1,1.03619670145858,0.00120448513515306,0.595965445,710.6871429,0.592198009702504,"15_11","Syracuse","Hispanic - DM","Bundle","Syracuse_Hispanic - DM_Bundle"
15,12,1,8.89418935423821,0.000125484943242113,6.601713715,10804.21163,6.57822537397288,"15_12","Syracuse","TV Spot","Bundle","Syracuse_TV Spot_Bundle"
15,13,1,0.798197844904404,0.00161672389937271,0.765192118,1970.451111,0.767740989308764,"15_13","Syracuse","Radio","Bundle","Syracuse_Radio_Bundle"
15,2,1,2.90516104738071,0.000389442304181645,1.213874974,1389.164945,1.19759491490967,"15_2","Syracuse","Online Display - Awareness - Display","Bundle","Syracuse_Online Display - Awareness - Display_Bundle"
15,3,1,0.0935594223033408,0.0333312811067631,0.092060565,124.0244482,0.0922514921460253,"15_3","Syracuse","Online Display - Awareness - Mobile","Bundle","Syracuse_Online Display - Awareness - Mobile_Bundle"
15,4,1,1.74493744685444,0.00224339951963888,1.669573999,1400.620611,1.68543102715821,"15_4","Syracuse","Online Display - Awareness - OLV","Bundle","Syracuse_Online Display - Awareness - OLV_Bundle"
15,5,1,2.15600004443315,0.000255212190791123,1.465929905,4463.802083,1.46297260238855,"15_5","Syracuse","DRTV","Bundle","Syracuse_DRTV_Bundle"
15,6,1,8.07279989809899,0.00106245542088804,8.054523837,5732.62978,8.08833062357814,"15_6","Syracuse","Direct Mail","Bundle","Syracuse_Direct Mail_Bundle"
15,7,1,1.55888755371543,0.000131963860291166,1.203432093,11202.52,1.20406695100653,"15_7","Syracuse","Newspaper","Bundle","Syracuse_Newspaper_Bundle"
15,8,1,26.7093305751881,0.00894731231465058,26.70933057,2499.288333,26.7083553535007,"15_8","Syracuse","Shared Mail","Bundle","Syracuse_Shared Mail_Bundle"
15,9,1,4.79556709087913,0.00232295458367881,4.792601323,3180.566387,4.79595068373453,"15_9","Syracuse","Online Display - Acquisition - Display","Bundle","Syracuse_Online Display - Acquisition - Display_Bundle"
16,10,1,1.10877151542247,0.0025571350194438,0.423944597,188.4303341,0.417578205257482,"16_10","Other","Online Display - Acquisition - Mobile","Bundle","Other_Online Display - Acquisition - Mobile_Bundle"
16,11,1,0.471683787294853,0.00360294512090298,0.309670328,296.5988571,0.308761443434842,"16_11","Other","Hispanic - DM","Bundle","Other_Hispanic - DM_Bundle"
16,13,1,6.65108156116642,0.00083811880224895,6.498635695,4505,6.51512471653239,"16_13","Other","Radio","Bundle","Other_Radio_Bundle"
16,2,1,0.179496025239021,0.00121654027634553,0.078606593,473.5789587,0.0776249227399999,"16_2","Other","Online Display - Awareness - Display","Bundle","Other_Online Display - Awareness - Display_Bundle"
16,3,1,0.0252267072524599,0.0724394047424777,0.02404721,42.28106188,0.0241309321074643,"16_3","Other","Online Display - Awareness - Mobile","Bundle","Other_Online Display - Awareness - Mobile_Bundle"
16,4,1,0.515111487770945,0.00968143367462156,0.510050049,477.4842992,0.513689930345445,"16_4","Other","Online Display - Awareness - OLV","Bundle","Other_Online Display - Awareness - OLV_Bundle"
16,6,1,3.02150958931245,0.0025805202576264,3.018769804,2714.813908,3.02639093037194,"16_6","Other","Direct Mail","Bundle","Other_Direct Mail_Bundle"
16,7,1,1.11251909831082,4.27379707550409e-05,0.465575677,12684.817,0.448751347682779,"16_7","Other","Newspaper","Bundle","Other_Newspaper_Bundle"
16,8,1,2.3715235536243,0.00161014738072349,1.637539045,728.3805,1.62424529562975,"16_8","Other","Shared Mail","Bundle","Other_Shared Mail_Bundle"
16,9,1,0.209528973617908,0.00983720278862654,0.209524088,1084.283995,0.209513901258906,"16_9","Other","Online Display - Acquisition - Display","Bundle","Other_Online Display - Acquisition - Display_Bundle"
17,1,1,1.11232222901844,0.00468130707060446,1.106214665,1111.8,1.10733723099678,"17_1","Albany","TV Cable","Bundle","Albany_TV Cable_Bundle"
17,10,1,1.04545254151479,0.000791556953044588,0.503092305,829.0934702,0.497808966151003,"17_10","Albany","Online Display - Acquisition - Mobile","Bundle","Albany_Online Display - Acquisition - Mobile_Bundle"
17,11,1,0.589577250253304,0.00235050934474704,0.339094041,364.1822857,0.336950445291014,"17_11","Albany","Hispanic - DM","Bundle","Albany_Hispanic - DM_Bundle"
17,2,1,1.5637921916337,0.000231960467821287,0.599376886,2083.747417,0.590400786721879,"17_2","Albany","Online Display - Awareness - Display","Bundle","Albany_Online Display - Awareness - Display_Bundle"
17,3,1,0.0535982426707386,0.0246048036738684,0.053047165,186.0366723,0.0531304779944498,"17_3","Albany","Online Display - Awareness - Mobile","Bundle","Albany_Online Display - Awareness - Mobile_Bundle"
17,4,1,0.956747116589392,0.001785363328218,0.932551738,2059.736192,0.941055693098751,"17_4","Albany","Online Display - Awareness - OLV","Bundle","Albany_Online Display - Awareness - OLV_Bundle"
17,5,1,1.57541299647739,0.000175516156241464,1.014717266,5886.035625,1.0112330089265,"17_5","Albany","DRTV","Bundle","Albany_DRTV_Bundle"
17,6,1,4.59328365510036,0.00207333488039607,4.582884894,2937.616988,4.60212037133429,"17_6","Albany","Direct Mail","Bundle","Albany_Direct Mail_Bundle"
17,7,1,0.860576554476145,0.000139613107687093,0.695388077,11822.06667,0.698293085658416,"17_7","Albany","Newspaper","Bundle","Albany_Newspaper_Bundle"
17,8,1,17.2672807810027,0.00804161502129096,17.26728078,2930.931667,17.2667564071085,"17_8","Albany","Shared Mail","Bundle","Albany_Shared Mail_Bundle"
17,9,1,2.72707556214775,0.00141277130472559,2.723850779,4770.849579,2.7271184429667,"17_9","Albany","Online Display - Acquisition - Display","Bundle","Albany_Online Display - Acquisition - Display_Bundle"
18,1,1,0.848613700211943,0.00142755589908647,0.837162859,3016.022619,0.838727231248144,"18_1","Palm Springs","TV Cable","Bundle","Palm Springs_TV Cable_Bundle"
18,10,1,0.803030928953613,0.00346581793731103,0.366497184,175.8683118,0.362231496930508,"18_10","Palm Springs","Online Display - Acquisition - Mobile","Bundle","Palm Springs_Online Display - Acquisition - Mobile_Bundle"
18,11,1,0.350667292701568,0.00154111375073967,0.20347077,563.274,0.202229144517042,"18_11","Palm Springs","Hispanic - DM","Bundle","Palm Springs_Hispanic - DM_Bundle"
18,12,1,3.57211399783325,0.000143296532918562,2.72230156,10020.46011,2.7172960379181,"18_12","Palm Springs","TV Spot","Bundle","Palm Springs_TV Spot_Bundle"
18,13,1,0.397414664844737,0.00321941345468006,0.37998747,971.2788889,0.381281086570582,"18_13","Palm Springs","Radio","Bundle","Palm Springs_Radio_Bundle"
18,17,1,0.0431404841787252,0.00412651990218182,0.041002197,728.084878,0.0411477017158005,"18_17","Palm Springs","Hispanic - Shared Mail","Bundle","Palm Springs_Hispanic - Shared Mail_Bundle"
18,2,1,0.641684890799277,0.0011572868891836,0.256944645,442.0070281,0.253294584353273,"18_2","Palm Springs","Online Display - Awareness - Display","Bundle","Palm Springs_Online Display - Awareness - Display_Bundle"
18,3,1,0.0395702643773067,0.0888502519508611,0.038382776,39.46232442,0.0384942493073242,"18_3","Palm Springs","Online Display - Awareness - Mobile","Bundle","Palm Springs_Online Display - Awareness - Mobile_Bundle"
18,4,1,0.804524583591813,0.00519457620115345,0.725062642,445.6520126,0.73038353679801,"18_4","Palm Springs","Online Display - Awareness - OLV","Bundle","Palm Springs_Online Display - Awareness - OLV_Bundle"
18,5,1,1.27415298629866,0.000169311763877767,0.782206167,5620.7925,0.778549217606378,"18_5","Palm Springs","DRTV","Bundle","Palm Springs_DRTV_Bundle"
18,6,1,3.05368240144582,0.0036338357569896,3.048834847,1773.781089,3.05941270055022,"18_6","Palm Springs","Direct Mail","Bundle","Palm Springs_Direct Mail_Bundle"
18,8,1,1.59044049146218,0.0132261032485658,1.590416595,839.6873171,1.59035148672947,"18_8","Palm Springs","Shared Mail","Bundle","Palm Springs_Shared Mail_Bundle"
18,9,1,2.04497391024272,0.00810116965796037,2.044411335,1011.998396,2.0450664015273,"18_9","Palm Springs","Online Display - Acquisition - Display","Bundle","Palm Springs_Online Display - Acquisition - Display_Bundle"
2,1,1,30.7583651498169,0.000121107264890419,30.5919296,43096.58163,30.6226422641085,"2_1","Washington, DC","TV Cable","Bundle","Washington, DC_TV Cable_Bundle"
2,10,1,30.9967054669535,8.3795372257898e-05,13.71469516,6971.922363,13.5462785263512,"2_10","Washington, DC","Online Display - Acquisition - Mobile","Bundle","Washington, DC_Online Display - Acquisition - Mobile_Bundle"
2,11,1,17.2651812218152,0.00193080212684313,8.390741291,344.684,8.30444842298414,"2_11","Washington, DC","Hispanic - DM","Bundle","Washington, DC_Hispanic - DM_Bundle"
2,12,1,140.088285134221,8.06705821384141e-06,97.81257137,148512.6327,97.0962908605581,"2_12","Washington, DC","TV Spot","Bundle","Washington, DC_TV Spot_Bundle"
2,13,1,13.8314098109386,7.41282912135915e-05,12.58021397,32414.64592,12.6294399426959,"2_13","Washington, DC","Radio","Bundle","Washington, DC_Radio_Bundle"
2,14,1,3.85592493878001,0.000345159582937519,2.658262998,3387.533462,2.65386300492964,"2_14","Washington, DC","Hispanic - Display","Bundle","Washington, DC_Hispanic - Display_Bundle"
2,15,1,4.47023557192665,0.000950645113677419,4.455002137,5976.682178,4.45814933619972,"2_15","Washington, DC","Asian","Bundle","Washington, DC_Asian_Bundle"
2,16,1,24.1770305117343,0.00409278120824495,24.17703051,5707.142857,24.176101274276,"2_16","Washington, DC","OOH","Bundle","Washington, DC_OOH_Bundle"
2,17,1,1.38967199571357,0.0285400024101792,1.389671922,586.97075,1.38965130326322,"2_17","Washington, DC","Hispanic - Shared Mail","Bundle","Washington, DC_Hispanic - Shared Mail_Bundle"
2,19,1,14.4124474161218,0.00158939805464492,14.41244732,11844.57333,14.4122949223359,"2_19","Washington, DC","Hispanic - DRTV","Bundle","Washington, DC_Hispanic - DRTV_Bundle"
2,2,1,52.3260609046071,3.16406282192457e-05,22.59467859,17865.99836,22.3061404888183,"2_2","Washington, DC","Online Display - Awareness - Display","Bundle","Washington, DC_Online Display - Awareness - Display_Bundle"
2,3,1,1.58263069417884,0.00301761354053384,1.568531872,1564.399289,1.57077067553086,"2_3","Washington, DC","Online Display - Awareness - Mobile","Bundle","Washington, DC_Online Display - Awareness - Mobile_Bundle"
2,4,1,27.4023246323699,0.000354106809545205,27.33543652,16987.42218,27.4450385667341,"2_4","Washington, DC","Online Display - Awareness - OLV","Bundle","Washington, DC_Online Display - Awareness - OLV_Bundle"
2,5,1,47.3219870175891,1.99507161954234e-05,29.86234675,49977.30771,29.7439300925991,"2_5","Washington, DC","DRTV","Bundle","Washington, DC_DRTV_Bundle"
2,6,1,134.463161712594,0.000865994128612127,134.172074,7084.829686,134.722139235657,"2_6","Washington, DC","Direct Mail","Bundle","Washington, DC_Direct Mail_Bundle"
2,7,1,16.5057084553965,2.92817773903504e-05,11.12053854,38251.00538,11.0102600043615,"2_7","Washington, DC","Newspaper","Bundle","Washington, DC_Newspaper_Bundle"
2,8,1,71.3067903878177,0.000378019024418085,71.26018498,19398.57463,71.3631416926309,"2_8","Washington, DC","Shared Mail","Bundle","Washington, DC_Shared Mail_Bundle"
2,9,1,72.8725822127131,0.000217879766784595,72.86093046,40118.50783,72.8731755913152,"2_9","Washington, DC","Online Display - Acquisition - Display","Bundle","Washington, DC_Online Display - Acquisition - Display_Bundle"
3,1,1,25.9552908094332,0.000103943240715962,24.77349258,29721.39651,24.8589623123177,"3_1","Philadelphia","TV Cable","Bundle","Philadelphia_TV Cable_Bundle"
3,10,1,32.2963797601967,9.51302182036143e-05,13.76867513,5841.340357,13.5893771133174,"3_10","Philadelphia","Online Display - Acquisition - Mobile","Bundle","Philadelphia_Online Display - Acquisition - Mobile_Bundle"
3,11,1,15.720207789415,8.48381742781933e-05,9.741067303,11394.28314,9.69785829335196,"3_11","Philadelphia","Hispanic - DM","Bundle","Philadelphia_Hispanic - DM_Bundle"
3,12,1,113.915759408286,8.02336330978017e-06,81.83929306,157955.7784,81.3804925312784,"3_12","Philadelphia","TV Spot","Bundle","Philadelphia_TV Spot_Bundle"
3,13,1,11.7546008962135,7.97438659739196e-05,10.94887738,33610.853,10.9909266355436,"3_13","Philadelphia","Radio","Bundle","Philadelphia_Radio_Bundle"
3,14,1,4.34264878121975,0.000295851071109123,2.993808688,3952.121731,2.98885328841018,"3_14","Philadelphia","Hispanic - Display","Bundle","Philadelphia_Hispanic - Display_Bundle"
3,15,1,3.52417382880782,0.0141384104501118,3.5223812,536.3911445,3.52281108045231,"3_15","Philadelphia","Asian","Bundle","Philadelphia_Asian_Bundle"
3,16,1,11.6281258437745,0.000552240766154157,11.62812584,39563.207,11.6276022246752,"3_16","Philadelphia","OOH","Bundle","Philadelphia_OOH_Bundle"
3,17,1,1.54667494247931,0.00605174825400804,1.541527658,942.7678049,1.54259654157457,"3_17","Philadelphia","Hispanic - Shared Mail","Bundle","Philadelphia_Hispanic - Shared Mail_Bundle"
3,2,1,105.376791484865,3.97115981179525e-05,46.55346287,14680.94772,45.9803340529929,"3_2","Philadelphia","Online Display - Awareness - Display","Bundle","Philadelphia_Online Display - Awareness - Display_Bundle"
3,3,1,1.61442880073719,0.00420495154605465,1.607906337,1310.712918,1.60920268465905,"3_3","Philadelphia","Online Display - Awareness - Mobile","Bundle","Philadelphia_Online Display - Awareness - Mobile_Bundle"
3,4,1,28.7102929026491,0.000284829242690118,28.21203373,14232.70507,28.4501734337977,"3_4","Philadelphia","Online Display - Awareness - OLV","Bundle","Philadelphia_Online Display - Awareness - OLV_Bundle"
3,5,1,30.1525411880329,2.7302668335964e-05,19.07146553,36664.19833,18.9969759148581,"3_5","Philadelphia","DRTV","Bundle","Philadelphia_DRTV_Bundle"
3,6,1,128.884908424351,4.4078910773274e-05,128.7159355,150569.4332,129.117495387373,"3_6","Philadelphia","Direct Mail","Bundle","Philadelphia_Direct Mail_Bundle"
3,7,1,19.4746275100545,4.48847891793767e-05,15.23262273,33955.3,15.2566543581707,"3_7","Philadelphia","Newspaper","Bundle","Philadelphia_Newspaper_Bundle"
3,8,1,69.4307082953486,0.000362988856803568,69.43066542,39388.3793,69.4236944877342,"3_8","Philadelphia","Shared Mail","Bundle","Philadelphia_Shared Mail_Bundle"
3,9,1,74.0316362412132,0.000327731941529848,74.0304194,33612.80385,74.0259300103633,"3_9","Philadelphia","Online Display - Acquisition - Display","Bundle","Philadelphia_Online Display - Acquisition - Display_Bundle"
4,1,1,23.2774721958299,5.05403376942156e-05,22.86465713,79782.6407,22.9149847130709,"4_1","Los Angeles","TV Cable","Bundle","Los Angeles_TV Cable_Bundle"
4,10,1,25.0561010299986,5.87246124232132e-05,9.950656739,8617.54728,9.80782222066683,"4_10","Los Angeles","Online Display - Acquisition - Mobile","Bundle","Los Angeles_Online Display - Acquisition - Mobile_Bundle"
4,11,1,9.71699948404,3.29220066219904e-05,5.638166871,26367.34943,5.60376115674831,"4_11","Los Angeles","Hispanic - DM","Bundle","Los Angeles_Hispanic - DM_Bundle"
4,13,1,14.6056872186744,7.49198879201078e-05,14.23957525,49202.25,14.277429313641,"4_13","Los Angeles","Radio","Bundle","Los Angeles_Radio_Bundle"
4,14,1,5.09480170972506,5.9170213392052e-05,3.512340069,19760.60327,3.50652634997414,"4_14","Los Angeles","Hispanic - Display","Bundle","Los Angeles_Hispanic - Display_Bundle"
4,15,1,3.09275348472877,0.000789960663444946,3.090203359,8988.643022,3.09083170775075,"4_15","Los Angeles","Asian","Bundle","Los Angeles_Asian_Bundle"
4,16,1,4.70765006107751,0.000327037516928085,4.707650061,75923.47179,4.70749606292799,"4_16","Los Angeles","OOH","Bundle","Los Angeles_OOH_Bundle"
4,17,1,0.897528784533258,0.000905716878909288,0.897513615,12131.94951,0.897490153739077,"4_17","Los Angeles","Hispanic - Shared Mail","Bundle","Los Angeles_Hispanic - Shared Mail_Bundle"
4,18,1,7.17502284617848,2.71222749151751e-05,4.931407431,42862.08882,4.92285201360743,"4_18","Los Angeles","Hispanic - Radio","Bundle","Los Angeles_Hispanic - Radio_Bundle"
4,2,1,41.4714826069727,2.77614990736353e-05,18.74029426,21658.34438,18.5182898344026,"4_2","Los Angeles","Online Display - Awareness - Display","Bundle","Los Angeles_Online Display - Awareness - Display_Bundle"
4,3,1,1.11151005871448,0.00262404033547253,1.104554863,1933.653896,1.10578721469522,"4_3","Los Angeles","Online Display - Awareness - Mobile","Bundle","Los Angeles_Online Display - Awareness - Mobile_Bundle"
4,4,1,20.8523861442654,0.000241134916164136,20.72047904,20997.06598,20.8463211125299,"4_4","Los Angeles","Online Display - Awareness - OLV","Bundle","Los Angeles_Online Display - Awareness - OLV_Bundle"
4,6,1,95.9446185933675,7.76280223907082e-05,95.79231176,83032.24904,96.1246607041473,"4_6","Los Angeles","Direct Mail","Bundle","Los Angeles_Direct Mail_Bundle"
4,8,1,46.0916378596695,0.000813200763067995,46.0901639,12728.01854,46.0917366490676,"4_8","Los Angeles","Shared Mail","Bundle","Los Angeles_Shared Mail_Bundle"
4,9,1,54.4880915527677,0.000197482329555177,54.48504808,49587.92138,54.4854900236011,"4_9","Los Angeles","Online Display - Acquisition - Display","Bundle","Los Angeles_Online Display - Acquisition - Display_Bundle"
5,10,1,16.3933302389211,0.000154149298016516,8.069478151,4396.707796,7.98878241494658,"5_10","Tampa","Online Display - Acquisition - Mobile","Bundle","Tampa_Online Display - Acquisition - Mobile_Bundle"
5,11,1,11.4186829569508,8.8937173610201e-05,7.419532703,11796.74286,7.39575323202307,"5_11","Tampa","Hispanic - DM","Bundle","Tampa_Hispanic - DM_Bundle"
5,12,1,69.5053286102124,2.05956835336361e-05,52.4454299,68202.29167,52.3146668774673,"5_12","Tampa","TV Spot","Bundle","Tampa_TV Spot_Bundle"
5,13,1,7.92394397067817,0.000247815244700959,7.356172104,10636.6525,7.38460926411459,"5_13","Tampa","Radio","Bundle","Tampa_Radio_Bundle"
5,14,1,3.30577864213425,0.000345159582952772,2.278993804,3387.533462,2.27522158370136,"5_14","Tampa","Hispanic - Display","Bundle","Tampa_Hispanic - Display_Bundle"
5,16,1,5.64399827386348,0.000894762760354924,5.643998271,23918.98787,5.64373239019396,"5_16","Tampa","OOH","Bundle","Tampa_OOH_Bundle"
5,17,1,0.759210480776267,0.0219870260219528,0.759210447,769.91,0.759199494335135,"5_17","Tampa","Hispanic - Shared Mail","Bundle","Tampa_Hispanic - Shared Mail_Bundle"
5,2,1,24.5898327823045,6.52525253559962e-05,12.63325958,11050.1757,12.5192071676387,"5_2","Tampa","Online Display - Awareness - Display","Bundle","Tampa_Online Display - Awareness - Display_Bundle"
5,3,1,0.976642277994862,0.00379992811741924,0.953647422,986.5581104,0.956101636208383,"5_3","Tampa","Online Display - Awareness - Mobile","Bundle","Tampa_Online Display - Awareness - Mobile_Bundle"
5,4,1,18.9797195658445,0.000386314316062961,18.72323141,11141.30031,18.8709857487607,"5_4","Tampa","Online Display - Awareness - OLV","Bundle","Tampa_Online Display - Awareness - OLV_Bundle"
5,5,1,31.5983908056595,4.09900469466593e-05,21.29434354,27337.59833,21.2464184812558,"5_5","Tampa","DRTV","Bundle","Tampa_DRTV_Bundle"
5,6,1,82.7195856946325,0.000100786062390564,82.63682402,68533.74792,82.8577647102195,"5_6","Tampa","Direct Mail","Bundle","Tampa_Direct Mail_Bundle"
5,8,1,35.2349174479255,0.00077721976409292,35.23491643,22335.74357,35.2323177296755,"5_8","Tampa","Shared Mail","Bundle","Tampa_Shared Mail_Bundle"
5,9,1,48.2823515979757,0.000419074835095031,48.28115169,25299.95988,48.2789355936761,"5_9","Tampa","Online Display - Acquisition - Display","Bundle","Tampa_Online Display - Acquisition - Display_Bundle"
6,1,1,1.70555617964358,0.000197325492404094,1.690113609,23841.41279,1.69255253523041,"6_1","Boston","TV Cable","Bundle","Boston_TV Cable_Bundle"
6,10,1,13.0993838187216,0.000128805185634033,6.19735112,4974.560822,6.12996899582075,"6_10","Boston","Online Display - Acquisition - Mobile","Bundle","Boston_Online Display - Acquisition - Mobile_Bundle"
6,11,1,6.98123732832502,0.000202990824663814,4.35579564,4817.838571,4.33724615419082,"6_11","Boston","Hispanic - DM","Bundle","Boston_Hispanic - DM_Bundle"
6,12,1,55.5611829576374,1.1498897343286e-05,41.74496545,121023.9281,41.6292371750251,"6_12","Boston","TV Spot","Bundle","Boston_TV Spot_Bundle"
6,13,1,5.81868732728897,7.29321224024594e-05,5.336359054,34144.14583,5.35724614304017,"6_13","Boston","Radio","Bundle","Boston_Radio_Bundle"
6,14,1,1.65565207951262,0.000517739371791967,1.141401263,2258.354615,1.13951198911009,"6_14","Boston","Hispanic - Display","Bundle","Boston_Hispanic - Display_Bundle"
6,15,1,1.64908961854041,0.0188525740149538,1.64810233,393.6211365,1.64834307904497,"6_15","Boston","Asian","Bundle","Boston_Asian_Bundle"
6,2,1,18.7818012190479,4.56321946010425e-05,8.165692112,12502.48451,8.06252712377443,"6_2","Boston","Online Display - Awareness - Display","Bundle","Boston_Online Display - Awareness - Display_Bundle"
6,3,1,0.668873435208037,0.00337063384314065,0.653336411,1116.220034,0.65500586822995,"6_3","Boston","Online Display - Awareness - Mobile","Bundle","Boston_Online Display - Awareness - Mobile_Bundle"
6,4,1,13.2865441518743,0.000286129175133431,12.87232078,12120.75528,12.9929583679952,"6_4","Boston","Online Display - Awareness - OLV","Bundle","Boston_Online Display - Awareness - OLV_Bundle"
6,5,1,22.5074871345325,3.60398463029037e-05,12.92066344,23680.96646,12.8383785225957,"6_5","Boston","DRTV","Bundle","Boston_DRTV_Bundle"
6,6,1,56.7862586434483,0.000101165280845587,56.71380006,65872.74269,56.8880544639647,"6_6","Boston","Direct Mail","Bundle","Boston_Direct Mail_Bundle"
6,7,1,4.30212167696234,4.89854071120713e-05,3.092963978,25909.43688,3.07727961350246,"6_7","Boston","Newspaper","Bundle","Boston_Newspaper_Bundle"
6,8,1,31.0259337048176,0.000950634620839157,31.02592245,15599.61881,31.0229164649674,"6_8","Boston","Shared Mail","Bundle","Boston_Shared Mail_Bundle"
6,9,1,34.0423956656324,0.000263713025667278,34.02446431,28625.09748,34.0450665380142,"6_9","Boston","Online Display - Acquisition - Display","Bundle","Boston_Online Display - Acquisition - Display_Bundle"
7,1,1,4.19288640319911,0.000632428669179902,4.163646044,7851.62814,4.16866399625022,"7_1","Baltimore","TV Cable","Bundle","Baltimore_TV Cable_Bundle"
7,10,1,11.9236175549066,0.000222893303606094,5.016703643,2449.594343,4.95008907586271,"7_10","Baltimore","Online Display - Acquisition - Mobile","Bundle","Baltimore_Online Display - Acquisition - Mobile_Bundle"
7,11,1,5.42392550823323,0.000184780789244029,3.509240054,5635.144571,3.49760067355454,"7_11","Baltimore","Hispanic - DM","Bundle","Baltimore_Hispanic - DM_Bundle"
7,12,1,56.3600734949813,4.59942867859847e-05,43.50915246,32141.93783,43.4665222593446,"7_12","Baltimore","TV Spot","Bundle","Baltimore_TV Spot_Bundle"
7,13,1,5.05772059305482,0.000349020118138256,4.845667251,9087.823778,4.86189301138109,"7_13","Baltimore","Radio","Bundle","Baltimore_Radio_Bundle"
7,2,1,16.3405824228329,9.12857238075661e-05,7.025370463,6156.526463,6.93505134827527,"7_2","Baltimore","Online Display - Awareness - Display","Bundle","Baltimore_Online Display - Awareness - Display_Bundle"
7,3,1,0.569925729070621,0.0072289532632562,0.559206016,549.6538044,0.560479004417268,"7_3","Baltimore","Online Display - Awareness - Mobile","Bundle","Baltimore_Online Display - Awareness - Mobile_Bundle"
7,4,1,10.1949798136836,0.000786896663517477,10.11787619,6207.295888,10.1836628759976,"7_4","Baltimore","Online Display - Awareness - OLV","Bundle","Baltimore_Online Display - Awareness - OLV_Bundle"
7,5,1,10.0359189998504,8.91159014389509e-05,7.227983567,14292.85958,7.22424440141771,"7_5","Baltimore","DRTV","Bundle","Baltimore_DRTV_Bundle"
7,6,1,48.5133546447612,7.91105954852421e-05,48.41209063,78015.6342,48.6067809254554,"7_6","Baltimore","Direct Mail","Bundle","Baltimore_Direct Mail_Bundle"
7,7,1,19.1695182725821,0.000174330401557342,17.12156643,12828.98,17.3166252990022,"7_7","Baltimore","Newspaper","Bundle","Baltimore_Newspaper_Bundle"
7,8,1,35.4456252476747,0.000663894864292758,35.43413663,12101.91368,35.4793753888621,"7_8","Baltimore","Shared Mail","Bundle","Baltimore_Shared Mail_Bundle"
7,9,1,29.5907978705899,0.000707042971949309,29.58940835,14095.69194,29.5891986666299,"7_9","Baltimore","Online Display - Acquisition - Display","Bundle","Baltimore_Online Display - Acquisition - Display_Bundle"
8,1,1,32.522666808742,0.000192286788151697,31.9231544,20768.85225,31.9949969636165,"8_1","Dallas","TV Cable","Bundle","Dallas_TV Cable_Bundle"
8,10,1,12.282984892973,0.000161756533576122,4.892320257,3140.505569,4.8223526288935,"8_10","Dallas","Online Display - Acquisition - Mobile","Bundle","Dallas_Online Display - Acquisition - Mobile_Bundle"
8,11,1,5.503981800153,0.000174126379659865,3.493218477,5782.911143,3.47988507348466,"8_11","Dallas","Hispanic - DM","Bundle","Dallas_Hispanic - DM_Bundle"
8,14,1,0.951374661351964,0.00103547874678432,0.655875129,1129.178846,0.654789523572023,"8_14","Dallas","Hispanic - Display","Bundle","Dallas_Hispanic - Display_Bundle"
8,15,1,2.85813783145739,0.0188381740451732,2.857748189,472.4688974,2.8577823720436,"8_15","Dallas","Asian","Bundle","Dallas_Asian_Bundle"
8,16,1,19.62367648,0.00528979332734858,19.62367648,7022.206897,19.623539652631,"8_16","Dallas","OOH","Bundle","Dallas_OOH_Bundle"
8,17,1,0.518529728721175,0.0105562369179697,0.518529723,1735.688,0.518523760753028,"8_17","Dallas","Hispanic - Shared Mail","Bundle","Dallas_Hispanic - Shared Mail_Bundle"
8,2,1,19.2940399810313,6.9105361126046e-05,8.111553773,7892.982644,8.00372509282058,"8_2","Dallas","Online Display - Awareness - Display","Bundle","Dallas_Online Display - Awareness - Display_Bundle"
8,3,1,0.537195539690496,0.00766937329719538,0.534780116,704.6843646,0.535247845641462,"8_3","Dallas","Online Display - Awareness - Mobile","Bundle","Dallas_Online Display - Awareness - Mobile_Bundle"
8,4,1,8.88895419795265,0.000568893343276536,8.774588935,7651.991973,8.84283733095173,"8_4","Dallas","Online Display - Awareness - OLV","Bundle","Dallas_Online Display - Awareness - OLV_Bundle"
8,6,1,41.7431354760291,0.000219902937811009,41.656503,28092.4648,41.82351572198,"8_6","Dallas","Direct Mail","Bundle","Dallas_Direct Mail_Bundle"
8,8,1,16.6697896068283,0.00262756433056872,16.66858591,3629.199762,16.6716605744398,"8_8","Dallas","Shared Mail","Bundle","Dallas_Shared Mail_Bundle"
8,9,1,24.894884621655,0.00054673085758259,24.89361054,18071.39992,24.8936144852301,"8_9","Dallas","Online Display - Acquisition - Display","Bundle","Dallas_Online Display - Acquisition - Display_Bundle"
9,1,1,7.55341573498216,0.000678471019708964,7.263846658,4806.927907,7.28733440698767,"9_1","Pittsburgh","TV Cable","Bundle","Pittsburgh_TV Cable_Bundle"
9,10,1,7.74387806581967,0.000423781956935536,3.315962378,1319.012339,3.27306845319498,"9_10","Pittsburgh","Online Display - Acquisition - Mobile","Bundle","Pittsburgh_Online Display - Acquisition - Mobile_Bundle"
9,11,1,4.08981397942336,0.000653473976886228,2.360170773,1316.937429,2.34544806265611,"9_11","Pittsburgh","Hispanic - DM","Bundle","Pittsburgh_Hispanic - DM_Bundle"
9,12,1,29.6872180712315,6.14001149973499e-05,22.49688957,23094.08909,22.4471270026821,"9_12","Pittsburgh","TV Spot","Bundle","Pittsburgh_TV Spot_Bundle"
9,13,1,2.72522112948154,0.000801153308200834,2.641647453,4349.45,2.64939761600846,"9_13","Pittsburgh","Radio","Bundle","Pittsburgh_Radio_Bundle"
9,2,1,5.96161578451728,0.000172038026374674,2.591232665,3315.052712,2.55848149566958,"9_2","Pittsburgh","Online Display - Awareness - Display","Bundle","Pittsburgh_Online Display - Awareness - Display_Bundle"
9,3,1,0.354294299944056,0.0153018490569187,0.350470369,295.9674331,0.351038568102412,"9_3","Pittsburgh","Online Display - Awareness - Mobile","Bundle","Pittsburgh_Online Display - Awareness - Mobile_Bundle"
9,4,1,6.43340418080803,0.00136021633172767,6.365174102,3342.390094,6.41176941483913,"9_4","Pittsburgh","Online Display - Awareness - OLV","Bundle","Pittsburgh_Online Display - Awareness - OLV_Bundle"
9,5,1,7.26565712087183,8.64167828652538e-05,5.147125113,14261.52771,5.14226135366271,"9_5","Pittsburgh","DRTV","Bundle","Pittsburgh_DRTV_Bundle"
9,6,1,30.2610766343004,0.000250910931664446,30.21809129,26131.81616,30.3166865373376,"9_6","Pittsburgh","Direct Mail","Bundle","Pittsburgh_Direct Mail_Bundle"
9,8,1,21.2440848223364,0.00186227361002367,21.24408448,9635.292308,21.2426311333392,"9_8","Pittsburgh","Shared Mail","Bundle","Pittsburgh_Shared Mail_Bundle"
9,9,1,18.0702548694611,0.00131340799779286,18.06940844,7589.987967,18.0692767525661,"9_9","Pittsburgh","Online Display - Acquisition - Display","Bundle","Pittsburgh_Online Display - Acquisition - Display_Bundle"
